<metadata xml:lang="en"><Esri><CreaDate>20170607</CreaDate><CreaTime>14474000</CreaTime><ArcGISFormat>1.0</ArcGISFormat><ArcGISstyle>North American Profile of ISO19115 2003</ArcGISstyle><SyncOnce>FALSE</SyncOnce><DataProperties><lineage><Process Name="Create Feature Class (9)" ToolSource="c:\program files (x86)\arcgis\desktop10.1\ArcToolbox\Toolboxes\Data Management Tools.tbx\CreateFeatureclass" Date="20170607" Time="144740">CreateFeatureclass \\os.uga.edu\onu-ocha\working\Process_Files\CODServices\Documentation\Templates\COD_XXX\Shapefiles\XXX_AdminBoundaries_ExportToShape.gdb\Data_Layers XXX_admbndl_admALL POLYLINE # DISABLED DISABLED # # 0 0 0</Process><Process Name="Add Field (14)" ToolSource="c:\program files (x86)\arcgis\desktop10.1\ArcToolbox\Toolboxes\Data Management Tools.tbx\AddField" Date="20170607" Time="144743">AddField \\os.uga.edu\onu-ocha\working\Process_Files\CODServices\Documentation\Templates\COD_XXX\Shapefiles\XXX_AdminBoundaries_ExportToShape.gdb\Data_Layers\XXX_admbndl_admALL date TEXT # # 50 # NULLABLE NON_REQUIRED #</Process><Process Name="Add Field (14)" ToolSource="c:\program files (x86)\arcgis\desktop10.1\ArcToolbox\Toolboxes\Data Management Tools.tbx\AddField" Date="20170607" Time="144744">AddField \\os.uga.edu\onu-ocha\working\Process_Files\CODServices\Documentation\Templates\COD_XXX\Shapefiles\XXX_AdminBoundaries_ExportToShape.gdb\Data_Layers\XXX_admbndl_admALL validOn TEXT # # 50 # NULLABLE NON_REQUIRED #</Process><Process Name="Add Field (14)" ToolSource="c:\program files (x86)\arcgis\desktop10.1\ArcToolbox\Toolboxes\Data Management Tools.tbx\AddField" Date="20170607" Time="144746">AddField \\os.uga.edu\onu-ocha\working\Process_Files\CODServices\Documentation\Templates\COD_XXX\Shapefiles\XXX_AdminBoundaries_ExportToShape.gdb\Data_Layers\XXX_admbndl_admALL validTo TEXT # # 50 # NULLABLE NON_REQUIRED #</Process><Process Name="Add Field (17)" ToolSource="c:\program files (x86)\arcgis\desktop10.1\ArcToolbox\Toolboxes\Data Management Tools.tbx\AddField" Date="20170607" Time="144749">AddField \\os.uga.edu\onu-ocha\working\Process_Files\CODServices\Documentation\Templates\COD_XXX\Shapefiles\XXX_AdminBoundaries_ExportToShape.gdb\Data_Layers\XXX_admbndl_admALL admLevel SHORT # # # # NULLABLE NON_REQUIRED #</Process><Process ToolSource="c:\program files (x86)\arcgis\desktop10.1\ArcToolbox\Toolboxes\Data Management Tools.tbx\DeleteField" Date="20170629" Time="162733">DeleteField K:\working\Process_Files\CODServices\Documentation\Templates\COD_XXX\Shapefiles\XXX_AdminBoundaries_ExportToShape.gdb\Data_Layers\XXX_admbndl_admALL date;validOn;validTo</Process><Process ToolSource="c:\program files (x86)\arcgis\desktop10.1\ArcToolbox\Toolboxes\Conversion Tools.tbx\FeatureClassToFeatureClass" Date="20170807" Time="132025">FeatureClassToFeatureClass K:\working\Process_Files\CODServices\COD_EGY\Candidates\Shapefiles\XXX_AdminBnd_ExportToShape.mdb\egy_admbndl_admALL_capmas_itos_20170421 K:\working\Process_Files\CODServices\COD_EGY\Candidates\Shapefiles egy_admbndl_admALL_capmas_itos_20170421.shp # "admLevel "admLevel" true true false 2 Short 0 0 ,First,#,K:\working\Process_Files\CODServices\COD_EGY\Candidates\Shapefiles\XXX_AdminBnd_ExportToShape.mdb\egy_admbndl_admALL_capmas_itos_20170421,admLevel,-1,-1;date "date" true true false 8 Date 0 0 ,First,#,K:\working\Process_Files\CODServices\COD_EGY\Candidates\Shapefiles\XXX_AdminBnd_ExportToShape.mdb\egy_admbndl_admALL_capmas_itos_20170421,date,-1,-1;validON "validON" true true false 8 Date 0 0 ,First,#,K:\working\Process_Files\CODServices\COD_EGY\Candidates\Shapefiles\XXX_AdminBnd_ExportToShape.mdb\egy_admbndl_admALL_capmas_itos_20170421,validON,-1,-1;validTo "validTo" true true false 8 Date 0 0 ,First,#,K:\working\Process_Files\CODServices\COD_EGY\Candidates\Shapefiles\XXX_AdminBnd_ExportToShape.mdb\egy_admbndl_admALL_capmas_itos_20170421,validTo,-1,-1;Shape_Leng "Shape_Length" false true true 8 Double 0 0 ,First,#,K:\working\Process_Files\CODServices\COD_EGY\Candidates\Shapefiles\XXX_AdminBnd_ExportToShape.mdb\egy_admbndl_admALL_capmas_itos_20170421,Shape_Length,-1,-1" #</Process></lineage><itemProps><itemName Sync="TRUE">egy_admbndl_admALL_capmas_itos_20170421</itemName><imsContentType Sync="TRUE">002</imsContentType><itemLocation><linkage Sync="TRUE">file://\\os.uga.edu\onu-ocha\working\Process_Files\CODServices\COD_EGY\Candidates\Shapefiles\egy_admbndl_admALL_capmas_itos_20170421.shp</linkage><protocol Sync="TRUE">Local Area Network</protocol></itemLocation><itemSize Sync="TRUE">0.000</itemSize></itemProps><coordRef><type Sync="TRUE">Geographic</type><geogcsn Sync="TRUE">GCS_WGS_1984</geogcsn><csUnits Sync="TRUE">Angular Unit: Degree (0.017453)</csUnits><peXml Sync="TRUE">&lt;GeographicCoordinateSystem xsi:type='typens:GeographicCoordinateSystem' xmlns:xsi='http://www.w3.org/2001/XMLSchema-instance' xmlns:xs='http://www.w3.org/2001/XMLSchema' xmlns:typens='http://www.esri.com/schemas/ArcGIS/10.1'&gt;&lt;WKT&gt;GEOGCS[&amp;quot;GCS_WGS_1984&amp;quot;,DATUM[&amp;quot;D_WGS_1984&amp;quot;,SPHEROID[&amp;quot;WGS_1984&amp;quot;,6378137.0,298.257223563]],PRIMEM[&amp;quot;Greenwich&amp;quot;,0.0],UNIT[&amp;quot;Degree&amp;quot;,0.0174532925199433],AUTHORITY[&amp;quot;EPSG&amp;quot;,4326]]&lt;/WKT&gt;&lt;XOrigin&gt;-400&lt;/XOrigin&gt;&lt;YOrigin&gt;-400&lt;/YOrigin&gt;&lt;XYScale&gt;11258999068426.238&lt;/XYScale&gt;&lt;ZOrigin&gt;-100000&lt;/ZOrigin&gt;&lt;ZScale&gt;10000&lt;/ZScale&gt;&lt;MOrigin&gt;-100000&lt;/MOrigin&gt;&lt;MScale&gt;10000&lt;/MScale&gt;&lt;XYTolerance&gt;8.983152841195215e-009&lt;/XYTolerance&gt;&lt;ZTolerance&gt;0.001&lt;/ZTolerance&gt;&lt;MTolerance&gt;0.001&lt;/MTolerance&gt;&lt;HighPrecision&gt;true&lt;/HighPrecision&gt;&lt;LeftLongitude&gt;-180&lt;/LeftLongitude&gt;&lt;WKID&gt;4326&lt;/WKID&gt;&lt;LatestWKID&gt;4326&lt;/LatestWKID&gt;&lt;/GeographicCoordinateSystem&gt;</peXml></coordRef></DataProperties><SyncDate>20170807</SyncDate><SyncTime>13202000</SyncTime><ModDate>20170807</ModDate><ModTime>13202000</ModTime></Esri><dataIdInfo><envirDesc Sync="TRUE"> Version 6.2 (Build 9200) ; Esri ArcGIS 10.1.1.3143</envirDesc><dataLang><languageCode value="eng" Sync="TRUE"></languageCode><countryCode value="USA" Sync="TRUE"></countryCode></dataLang><idCitation><resTitle Sync="TRUE">egy_admbndl_admALL_capmas_itos_20170421</resTitle><presForm><PresFormCd value="005" Sync="TRUE"></PresFormCd></presForm></idCitation><spatRpType><SpatRepTypCd value="001" Sync="TRUE"></SpatRepTypCd></spatRpType></dataIdInfo><mdLang><languageCode value="eng" Sync="TRUE"></languageCode><countryCode value="USA" Sync="TRUE"></countryCode></mdLang><distInfo><distFormat><formatName Sync="TRUE">Shapefile</formatName></distFormat><distTranOps><transSize Sync="TRUE">0.000</transSize></distTranOps></distInfo><mdHrLv><ScopeCd value="005" Sync="TRUE"></ScopeCd></mdHrLv><mdHrLvName Sync="TRUE">dataset</mdHrLvName><refSysInfo><RefSystem><refSysID><identCode code="4326" Sync="TRUE"></identCode><idCodeSpace Sync="TRUE">EPSG</idCodeSpace><idVersion Sync="TRUE">7.11.2</idVersion></refSysID></RefSystem></refSysInfo><spatRepInfo><VectSpatRep><geometObjs Name="egy_admbndl_admALL_capmas_itos_20170421"><geoObjTyp><GeoObjTypCd value="002" Sync="TRUE"></GeoObjTypCd></geoObjTyp><geoObjCnt Sync="TRUE">0</geoObjCnt></geometObjs><topLvl><TopoLevCd value="001" Sync="TRUE"></TopoLevCd></topLvl></VectSpatRep></spatRepInfo><spdoinfo><ptvctinf><esriterm Name="egy_admbndl_admALL_capmas_itos_20170421"><efeatyp Sync="TRUE">Simple</efeatyp><efeageom code="3" Sync="TRUE"></efeageom><esritopo Sync="TRUE">FALSE</esritopo><efeacnt Sync="TRUE">0</efeacnt><spindex Sync="TRUE">FALSE</spindex><linrefer Sync="TRUE">FALSE</linrefer></esriterm></ptvctinf></spdoinfo><eainfo><detailed Name="egy_admbndl_admALL_capmas_itos_20170421"><enttyp><enttypl Sync="TRUE">egy_admbndl_admALL_capmas_itos_20170421</enttypl><enttypt Sync="TRUE">Feature Class</enttypt><enttypc Sync="TRUE">0</enttypc></enttyp><attr><attrlabl Sync="TRUE">FID</attrlabl><attalias Sync="TRUE">FID</attalias><attrtype Sync="TRUE">OID</attrtype><attwidth Sync="TRUE">4</attwidth><atprecis Sync="TRUE">0</atprecis><attscale Sync="TRUE">0</attscale><attrdef Sync="TRUE">Internal feature number.</attrdef><attrdefs Sync="TRUE">Esri</attrdefs><attrdomv><udom Sync="TRUE">Sequential unique whole numbers that are automatically generated.</udom></attrdomv></attr><attr><attrlabl Sync="TRUE">Shape</attrlabl><attalias Sync="TRUE">Shape</attalias><attrtype Sync="TRUE">Geometry</attrtype><attwidth Sync="TRUE">0</attwidth><atprecis Sync="TRUE">0</atprecis><attscale Sync="TRUE">0</attscale><attrdef Sync="TRUE">Feature geometry.</attrdef><attrdefs Sync="TRUE">Esri</attrdefs><attrdomv><udom Sync="TRUE">Coordinates defining the features.</udom></attrdomv></attr><attr><attrlabl Sync="TRUE">admLevel</attrlabl><attalias Sync="TRUE">admLevel</attalias><attrtype Sync="TRUE">SmallInteger</attrtype><attwidth Sync="TRUE">4</attwidth><atprecis Sync="TRUE">4</atprecis><attscale Sync="TRUE">0</attscale></attr><attr><attrlabl Sync="TRUE">date</attrlabl><attalias Sync="TRUE">date</attalias><attrtype Sync="TRUE">Date</attrtype><attwidth Sync="TRUE">8</attwidth><atprecis Sync="TRUE">0</atprecis><attscale Sync="TRUE">0</attscale></attr><attr><attrlabl Sync="TRUE">validON</attrlabl><attalias Sync="TRUE">validON</attalias><attrtype Sync="TRUE">Date</attrtype><attwidth Sync="TRUE">8</attwidth><atprecis Sync="TRUE">0</atprecis><attscale Sync="TRUE">0</attscale></attr><attr><attrlabl Sync="TRUE">validTo</attrlabl><attalias Sync="TRUE">validTo</attalias><attrtype Sync="TRUE">Date</attrtype><attwidth Sync="TRUE">8</attwidth><atprecis Sync="TRUE">0</atprecis><attscale Sync="TRUE">0</attscale></attr><attr><attrlabl Sync="TRUE">Shape_Leng</attrlabl><attalias Sync="TRUE">Shape_Leng</attalias><attrtype Sync="TRUE">Double</attrtype><attwidth Sync="TRUE">19</attwidth><atprecis Sync="TRUE">0</atprecis><attscale Sync="TRUE">0</attscale></attr></detailed></eainfo><mdDateSt Sync="TRUE">20170807</mdDateSt></metadata>
